"","barcode","IDH_status","IDH_codelsubtype"
"1","TCGA-E1-A7YQ-01A-11R-A34R-07","WT","IDHwt"
"2","TCGA-S9-A7QW-01A-11R-A34F-07","Mutant","IDHmut-non-codel"
"3","TCGA-FG-A4MU-01B-11R-A28M-07","WT","IDHwt"
"4","TCGA-QH-A6CU-01A-11R-A31N-07","Mutant","IDHmut-codel"
"5","TCGA-DU-8162-01A-21R-2256-07","WT","IDHwt"
"6","TCGA-S9-A7R8-01A-11R-A34R-07","Mutant","IDHmut-non-codel"
"7","TCGA-DB-A4XG-01A-11R-A27Q-07","Mutant","IDHmut-codel"
"8","TCGA-E1-A7YY-01A-11R-A34R-07","Mutant","IDHmut-non-codel"
"9","TCGA-RY-A840-01A-11R-A36H-07","Mutant","IDHmut-codel"
"10","TCGA-S9-A7QZ-01A-12R-A34R-07","Mutant","IDHmut-codel"
"11","TCGA-HT-7688-01A-11R-2256-07","Mutant","IDHmut-non-codel"
"12","TCGA-HT-7680-01A-11R-2256-07","WT","IDHwt"
"13","TCGA-P5-A5EZ-01A-11R-A27Q-07","Mutant","IDHmut-non-codel"
"14","TCGA-HT-8108-01A-11R-2404-07","Mutant","IDHmut-non-codel"
"15","TCGA-DU-7301-01A-11R-2090-07","Mutant","IDHmut-non-codel"
"16","TCGA-CS-6666-01A-11R-1896-07","Mutant","IDHmut-non-codel"
"17","TCGA-HT-7485-01A-11R-2027-07","Mutant","IDHmut-non-codel"
"18","TCGA-TM-A7C5-01A-11R-A32Q-07","Mutant","IDHmut-codel"
"19","TCGA-DU-5847-01A-11R-1708-07","WT","IDHwt"
"20","TCGA-DB-5279-01A-03R-2347-07","Mutant","IDHmut-codel"
"21","TCGA-DH-A7UU-01A-12R-A34F-07","Mutant","IDHmut-non-codel"
"22","TCGA-HT-8012-01A-11R-2403-07","Mutant","IDHmut-codel"
"23","TCGA-E1-A7Z2-01A-21R-A34R-07","WT","IDHwt"
"24","TCGA-TM-A84C-01A-11R-A36H-07","WT","IDHwt"
"25","TCGA-HT-7884-01B-11R-2403-07","Mutant","IDHmut-non-codel"
"26","TCGA-DU-5852-01A-11R-1708-07","WT","IDHwt"
"27","TCGA-HT-8111-01A-11R-2404-07","Mutant","IDHmut-non-codel"
"28","TCGA-DU-A6S7-01A-21R-A32Q-07","Mutant","IDHmut-non-codel"
"29","TCGA-S9-A7IX-01A-12R-A34F-07","WT","IDHwt"
"30","TCGA-FG-A4MX-01A-11R-A26U-07","Mutant","IDHmut-non-codel"
"31","TCGA-VM-A8C8-01A-11R-A36H-07","Mutant","IDHmut-non-codel"
"32","TCGA-FG-A6J3-01A-11R-A31N-07","Mutant","IDHmut-non-codel"
"33","TCGA-HW-7491-01A-11R-2027-07","Mutant","IDHmut-codel"
"34","TCGA-E1-A7YK-01A-11R-A34F-07","Mutant","IDHmut-non-codel"
"35","TCGA-FG-7643-01A-11R-2090-07","WT","IDHwt"
"36","TCGA-R8-A6YH-01A-21R-A32Q-07","Mutant","IDHmut-non-codel"
"37","TCGA-DH-A7UR-01A-11R-A33Z-07","Mutant","IDHmut-codel"
"38","TCGA-DU-5854-01A-11R-1708-07","WT","IDHwt"
"39","TCGA-DU-6404-01A-11R-1708-07","WT","IDHwt"
"40","TCGA-DU-8163-01A-11R-2256-07","Mutant","IDHmut-non-codel"
"41","TCGA-HT-7856-01A-11R-2403-07","Mutant","IDHmut-codel"
"42","TCGA-DU-7012-01A-11R-2027-07","WT","IDHwt"
"43","TCGA-FG-A6IZ-01A-11R-A31N-07","Mutant","IDHmut-codel"
"44","TCGA-DH-A66F-01A-11R-A29R-07","Mutant","IDHmut-codel"
"45","TCGA-DU-A7TB-01A-11R-A33Z-07","WT","IDHwt"
"46","TCGA-DB-A64W-01A-11R-A29R-07","Mutant","IDHmut-codel"
"47","TCGA-DU-A7TD-01A-12R-A34F-07","WT","IDHwt"
"48","TCGA-TQ-A7RJ-01A-11R-A33Z-07","Mutant","IDHmut-non-codel"
"49","TCGA-DU-7290-01A-11R-2027-07","WT","IDHwt"
"50","TCGA-HW-7489-01A-11R-2027-07","Mutant","IDHmut-non-codel"
"51","TCGA-DU-A5TT-01A-11R-A28M-07","WT","IDHwt"
"52","TCGA-S9-A6UA-01A-12R-A33Z-07","WT","IDHwt"
"53","TCGA-HT-7601-01A-11R-2090-07","Mutant","IDHmut-non-codel"
"54","TCGA-DH-A66D-01A-11R-A31N-07","Mutant","IDHmut-non-codel"
"55","TCGA-HT-7877-01A-11R-2403-07","Mutant","IDHmut-codel"
"56","TCGA-E1-A7YE-01A-11R-A34F-07","Mutant","IDHmut-non-codel"
"57","TCGA-HT-A74H-01A-11R-A32Q-07","WT","IDHwt"
"58","TCGA-DU-5870-02A-12R-A36H-07",NA,NA
"59","TCGA-QH-A6CW-01A-11R-A32Q-07","Mutant","IDHmut-non-codel"
"60","TCGA-HW-8322-01A-11R-2404-07","Mutant","IDHmut-codel"
"61","TCGA-WY-A85C-01A-11R-A36H-07","Mutant","IDHmut-non-codel"
"62","TCGA-TM-A84B-01A-11R-A36H-07","WT","IDHwt"
"63","TCGA-HT-7470-01A-12R-2090-07","Mutant","IDHmut-non-codel"
"64","TCGA-RY-A847-01A-11R-A36H-07","Mutant","IDHmut-codel"
"65","TCGA-QH-A6CS-01A-11R-A31N-07","WT","IDHwt"
"66","TCGA-TQ-A7RH-01A-12R-A34F-07","Mutant","IDHmut-non-codel"
"67","TCGA-DU-6407-01A-13R-1708-07","Mutant","IDHmut-non-codel"
"68","TCGA-DH-A669-02A-11R-A31N-07",NA,NA
"69","TCGA-S9-A7R1-01A-12R-A34R-07","Mutant","IDHmut-codel"
"70","TCGA-HT-A61C-01A-11R-A29R-07","WT","IDHwt"
"71","TCGA-S9-A6U5-01A-12R-A33Z-07","Mutant","IDHmut-codel"
"72","TCGA-TM-A84O-01A-11R-A36H-07","Mutant","IDHmut-codel"
"73","TCGA-DB-A64Q-01A-11R-A29R-07","Mutant","IDHmut-codel"
"74","TCGA-DU-A76R-01A-11R-A32Q-07","Mutant","IDHmut-codel"
"75","TCGA-E1-A7Z6-01A-11R-A34R-07","Mutant","IDHmut-non-codel"
"76","TCGA-QH-A6X4-01A-51R-A32Q-07","Mutant","IDHmut-codel"
"77","TCGA-S9-A7R2-01A-21R-A34R-07","WT","IDHwt"
"78","TCGA-S9-A7IY-01A-11R-A34F-07","Mutant","IDHmut-codel"
"79","TCGA-DB-A64U-01A-11R-A29R-07","Mutant","IDHmut-codel"
"80","TCGA-CS-4943-01A-01R-1470-07","Mutant","IDHmut-non-codel"
"81","TCGA-HT-7676-01A-11R-2403-07","Mutant","IDHmut-non-codel"
"82","TCGA-TM-A84L-01A-11R-A36H-07","Mutant","IDHmut-non-codel"
"83","TCGA-HT-A74K-01A-11R-A32Q-07","Mutant","IDHmut-codel"
"84","TCGA-HT-8019-01A-21R-2404-07","WT","IDHwt"
"85","TCGA-S9-A6U0-01A-12R-A32Q-07","WT","IDHwt"
"86","TCGA-IK-7675-01A-11R-2090-07","Mutant","IDHmut-non-codel"
"87","TCGA-CS-6667-01A-12R-2027-07","Mutant","IDHmut-non-codel"
"88","TCGA-P5-A735-01A-11R-A32Q-07","Mutant","IDHmut-non-codel"
"89","TCGA-DU-7014-01A-11R-2027-07",NA,NA
"90","TCGA-QH-A86X-01A-11R-A36H-07","Mutant","IDHmut-codel"
"91","TCGA-S9-A6U8-01A-21R-A33Z-07","Mutant","IDHmut-non-codel"
"92","TCGA-S9-A6TZ-01A-21R-A32Q-07","Mutant","IDHmut-non-codel"
"93","TCGA-HT-8110-01A-11R-2404-07","WT","IDHwt"
"94","TCGA-S9-A6TW-01A-12R-A32Q-07","Mutant","IDHmut-codel"
"95","TCGA-P5-A5F2-01A-11R-A28M-07","Mutant","IDHmut-non-codel"
"96","TCGA-S9-A89V-01A-11R-A36H-07","WT","IDHwt"
"97","TCGA-DU-A6S2-01A-21R-A32Q-07","Mutant","IDHmut-codel"
"98","TCGA-QH-A6CX-01A-11R-A32Q-07","WT","IDHwt"
"99","TCGA-QH-A6X8-01A-12R-A32Q-07","Mutant","IDHmut-codel"
"100","TCGA-FG-A4MT-01A-11R-A26U-07","Mutant","IDHmut-non-codel"
"101","TCGA-P5-A5EV-01A-11R-A27Q-07","Mutant","IDHmut-non-codel"
"102","TCGA-HT-8013-01A-11R-2403-07","Mutant","IDHmut-non-codel"
"103","TCGA-HT-A617-01A-11R-A29R-07","WT","IDHwt"
"104","TCGA-FG-A4MW-01A-11R-A26U-07","WT","IDHwt"
"105","TCGA-P5-A733-01A-11R-A32Q-07","Mutant","IDHmut-non-codel"
"106","TCGA-DU-6397-01A-11R-1708-07","Mutant","IDHmut-codel"
"107","TCGA-S9-A6UB-01A-21R-A33Z-07","Mutant","IDHmut-codel"
"108","TCGA-P5-A77W-01A-11R-A32Q-07","Mutant","IDHmut-codel"
"109","TCGA-TQ-A7RQ-01A-11R-A33Z-07","Mutant","IDHmut-codel"
"110","TCGA-P5-A5EW-01A-11R-A27Q-07","Mutant","IDHmut-non-codel"
"111","TCGA-DU-8164-01A-11R-2256-07","Mutant","IDHmut-codel"
"112","TCGA-FG-A4MY-01A-11R-A26U-07","Mutant","IDHmut-non-codel"
"113","TCGA-HT-8564-01A-11R-2404-07","WT","IDHwt"
"114","TCGA-RY-A83X-01A-11R-A36H-07","Mutant","IDHmut-codel"
"115","TCGA-HT-7874-01A-11R-2403-07","Mutant","IDHmut-codel"
"116","TCGA-TQ-A7RI-01A-11R-A33Z-07","Mutant","IDHmut-codel"
"117","TCGA-DU-6395-01A-13R-1708-07","Mutant","IDHmut-non-codel"
"118","TCGA-CS-4944-01A-01R-1470-07","Mutant","IDHmut-non-codel"
"119","TCGA-DB-A64S-01A-11R-A29R-07","Mutant","IDHmut-non-codel"
"120","TCGA-DU-7007-01A-11R-2027-07","Mutant","IDHmut-non-codel"
"121","TCGA-S9-A6U6-01A-12R-A33Z-07","Mutant","IDHmut-non-codel"
"122","TCGA-HT-8113-01A-11R-2404-07","Mutant","IDHmut-non-codel"
"123","TCGA-S9-A7QY-01A-11R-A34F-07","Mutant","IDHmut-codel"
"124","TCGA-DB-5276-01A-01R-1470-07","Mutant","IDHmut-non-codel"
"125","TCGA-DU-A7T6-01A-11R-A33Z-07","Mutant","IDHmut-codel"
"126","TCGA-E1-5305-01A-01R-1896-07","Mutant","IDHmut-non-codel"
"127","TCGA-S9-A6WG-01A-11R-A33Z-07","Mutant","IDHmut-non-codel"
"128","TCGA-S9-A6WO-01A-21R-A34F-07","Mutant","IDHmut-non-codel"
"129","TCGA-FG-A60K-01A-11R-A29R-07","Mutant","IDHmut-codel"
"130","TCGA-S9-A7R7-01A-11R-A34R-07","Mutant","IDHmut-non-codel"
"131","TCGA-HT-7684-01A-11R-2256-07","Mutant","IDHmut-non-codel"
"132","TCGA-HT-7479-01A-11R-2027-07","Mutant","IDHmut-non-codel"
"133","TCGA-HW-8319-01A-11R-2404-07","Mutant","IDHmut-non-codel"
"134","TCGA-DH-A7UT-01A-12R-A34F-07","Mutant","IDHmut-non-codel"
"135","TCGA-HT-7616-01A-11R-2256-07","Mutant","IDHmut-codel"
"136","TCGA-DU-8158-01A-11R-2256-07","WT","IDHwt"
"137","TCGA-TQ-A7RN-01A-11R-A33Z-07","Mutant","IDHmut-codel"
"138","TCGA-QH-A65V-01A-11R-A29R-07","Mutant","IDHmut-codel"
"139","TCGA-HT-7469-01A-11R-2256-07","WT","IDHwt"
"140","TCGA-DU-6404-02A-21R-A36H-07",NA,NA
"141","TCGA-DU-6404-02B-11R-A36H-07",NA,NA
"142","TCGA-WY-A858-01A-11R-A36H-07","Mutant","IDHmut-non-codel"
"143","TCGA-HT-7879-01A-11R-2403-07","Mutant","IDHmut-non-codel"
"144","TCGA-DU-7309-01A-11R-2090-07","Mutant","IDHmut-non-codel"
"145","TCGA-DU-A76O-01A-11R-A32Q-07","Mutant","IDHmut-non-codel"
"146","TCGA-S9-A7IQ-01A-21R-A34F-07","Mutant","IDHmut-codel"
"147","TCGA-FG-A70Y-01A-12R-A34R-07","Mutant","IDHmut-non-codel"
"148","TCGA-DB-5277-01A-01R-1470-07","Mutant","IDHmut-non-codel"
"149","TCGA-CS-5390-01A-02R-1470-07","Mutant","IDHmut-codel"
"150","TCGA-FG-6688-01A-11R-1896-07","WT","IDHwt"
"151","TCGA-DU-5871-01A-12R-1708-07","Mutant","IDHmut-non-codel"
"152","TCGA-HT-7473-01A-11R-2027-07","Mutant","IDHmut-non-codel"
"153","TCGA-HT-A616-01A-11R-A29R-07","Mutant","IDHmut-non-codel"
"154","TCGA-S9-A6TY-01A-12R-A32Q-07","Mutant","IDHmut-codel"
"155","TCGA-DH-5143-01A-01R-1470-07","Mutant","IDHmut-non-codel"
"156","TCGA-TQ-A7RO-01A-11R-A33Z-07","Mutant","IDHmut-codel"
"157","TCGA-HT-A5R9-01A-11R-A28M-07","Mutant","IDHmut-codel"
"158","TCGA-HT-7692-01A-12R-2256-07","Mutant","IDHmut-codel"
"159","TCGA-DU-A7TA-01A-11R-A33Z-07","Mutant","IDHmut-non-codel"
"160","TCGA-HT-7605-01A-11R-2090-07","Mutant","IDHmut-codel"
"161","TCGA-HT-7690-01A-11R-2256-07","Mutant","IDHmut-non-codel"
"162","TCGA-S9-A7IS-01A-11R-A34F-07","Mutant","IDHmut-non-codel"
"163","TCGA-DU-6392-01A-11R-1708-07","WT","IDHwt"
"164","TCGA-HT-7467-01A-11R-2027-07","Mutant","IDHmut-codel"
"165","TCGA-TQ-A7RF-01A-11R-A33Z-07","Mutant","IDHmut-non-codel"
"166","TCGA-FG-8185-01A-11R-2256-07","Mutant","IDHmut-non-codel"
"167","TCGA-DB-A4XB-01A-11R-A26U-07","Mutant","IDHmut-non-codel"
"168","TCGA-CS-4941-01A-01R-1470-07","WT","IDHwt"
"169","TCGA-E1-A7YU-01A-11R-A34R-07","Mutant","IDHmut-non-codel"
"170","TCGA-F6-A8O3-01A-11R-A36H-07","Mutant","IDHmut-codel"
"171","TCGA-DH-A669-01A-12R-A31N-07","Mutant","IDHmut-codel"
"172","TCGA-DU-6407-02A-12R-A36H-07",NA,NA
"173","TCGA-DU-6407-02B-11R-A36H-07",NA,NA
"174","TCGA-FG-A60L-01A-12R-A31N-07","Mutant","IDHmut-non-codel"
"175","TCGA-DU-A7TG-01A-21R-A34R-07","Mutant","IDHmut-non-codel"
"176","TCGA-DH-A7US-01A-11R-A33Z-07","Mutant","IDHmut-codel"
"177","TCGA-FG-A87Q-01A-11R-A36H-07","WT","IDHwt"
"178","TCGA-FG-5964-01A-11R-1708-07","Mutant","IDHmut-codel"
"179","TCGA-P5-A5F0-01A-11R-A28M-07","Mutant","IDHmut-codel"
"180","TCGA-E1-5302-01A-01R-1470-07","Mutant","IDHmut-non-codel"
"181","TCGA-HW-A5KK-01A-11R-A27Q-07","WT","IDHwt"
"182","TCGA-S9-A6TU-01A-12R-A32Q-07","Mutant","IDHmut-non-codel"
"183","TCGA-DU-6405-01A-11R-1708-07","WT","IDHwt"
"184","TCGA-DB-A75P-01A-11R-A32Q-07","WT","IDHwt"
"185","TCGA-CS-5394-01A-01R-1470-07","Mutant","IDHmut-non-codel"
"186","TCGA-FG-A87N-01A-11R-A36H-07","Mutant","IDHmut-non-codel"
"187","TCGA-E1-A7YL-01A-11R-A34F-07","WT","IDHwt"
"188","TCGA-HT-8558-01A-21R-2404-07","WT","IDHwt"
"189","TCGA-DU-A6S8-01A-12R-A32Q-07","Mutant","IDHmut-codel"
"190","TCGA-S9-A6WN-01A-12R-A33Z-07","Mutant","IDHmut-codel"
"191","TCGA-HT-A618-01A-11R-A29R-07","Mutant","IDHmut-non-codel"
"192","TCGA-E1-A7Z4-01A-11R-A34R-07","Mutant","IDHmut-non-codel"
"193","TCGA-E1-5307-01A-01R-1896-07","Mutant","IDHmut-non-codel"
"194","TCGA-HT-7858-01A-11R-2403-07","Mutant","IDHmut-non-codel"
"195","TCGA-DB-5275-01A-01R-1470-07","Mutant","IDHmut-non-codel"
"196","TCGA-CS-5396-01A-02R-1470-07","Mutant","IDHmut-codel"
"197","TCGA-FG-7636-01A-11R-2090-07","Mutant","IDHmut-non-codel"
"198","TCGA-TM-A84J-01A-11R-A36H-07","WT","IDHwt"
"199","TCGA-P5-A736-01A-11R-A32Q-07","Mutant","IDHmut-non-codel"
"200","TCGA-QH-A65Z-01A-11R-A29R-07","Mutant","IDHmut-codel"
"201","TCGA-CS-5397-01A-01R-1896-07","WT","IDHwt"
"202","TCGA-DU-7306-01A-11R-2090-07","Mutant","IDHmut-non-codel"
"203","TCGA-FG-7637-01A-11R-2090-07","Mutant","IDHmut-non-codel"
"204","TCGA-DU-8161-01A-11R-2256-07","WT","IDHwt"
"205","TCGA-DB-A75L-01A-11R-A32Q-07","Mutant","IDHmut-non-codel"
"206","TCGA-VM-A8CA-01A-11R-A36H-07","Mutant","IDHmut-non-codel"
"207","TCGA-DB-A64L-01A-11R-A29R-07","Mutant","IDHmut-codel"
"208","TCGA-HT-A61B-01A-11R-A29R-07","Mutant","IDHmut-non-codel"
"209","TCGA-QH-A6CY-01A-11R-A32Q-07","Mutant","IDHmut-codel"
"210","TCGA-DU-6397-02A-12R-A36H-07",NA,NA
"211","TCGA-HT-7691-01A-11R-2256-07","WT","IDHwt"
"212","TCGA-S9-A7J0-01A-11R-A34F-07","Mutant","IDHmut-non-codel"
"213","TCGA-FG-A4MT-02A-11R-A29R-07",NA,NA
"214","TCGA-HT-A61A-01A-11R-A29R-07","Mutant","IDHmut-non-codel"
"215","TCGA-S9-A6WM-01A-12R-A33Z-07","WT","IDHwt"
"216","TCGA-CS-5393-01A-01R-1470-07","Mutant","IDHmut-non-codel"
"217","TCGA-DU-7018-01A-11R-2027-07","Mutant","IDHmut-codel"
"218","TCGA-TQ-A7RW-01A-11R-A33Z-07","Mutant","IDHmut-non-codel"
"219","TCGA-DU-5870-01A-11R-1708-07","Mutant","IDHmut-codel"
"220","TCGA-DU-7015-01A-11R-2027-07","Mutant","IDHmut-non-codel"
"221","TCGA-TQ-A7RG-01A-11R-A33Z-07","Mutant","IDHmut-codel"
"222","TCGA-DH-5141-01A-01R-1470-07","Mutant","IDHmut-codel"
"223","TCGA-R8-A73M-01A-11R-A32Q-07","Mutant","IDHmut-codel"
"224","TCGA-HT-7604-01A-11R-2090-07","Mutant","IDHmut-non-codel"
"225","TCGA-TM-A7C4-01A-11R-A32Q-07","Mutant","IDHmut-non-codel"
"226","TCGA-HT-7882-01A-11R-2403-07","WT","IDHwt"
"227","TCGA-CS-6668-01A-11R-1896-07","Mutant","IDHmut-codel"
"228","TCGA-P5-A780-01A-12R-A32Q-07","Mutant","IDHmut-non-codel"
"229","TCGA-QH-A6X9-01A-12R-A32Q-07","Mutant","IDHmut-non-codel"
"230","TCGA-DU-7304-01A-12R-2090-07","Mutant","IDHmut-non-codel"
"231","TCGA-FG-5963-02A-12R-A29R-07",NA,NA
"232","TCGA-FG-5963-01A-11R-1708-07","WT","IDHwt"
"233","TCGA-FG-8182-01A-11R-2256-07","Mutant","IDHmut-non-codel"
"234","TCGA-HT-8106-01A-11R-2404-07","Mutant","IDHmut-non-codel"
"235","TCGA-QH-A6X3-01A-21R-A32Q-07","Mutant","IDHmut-non-codel"
"236","TCGA-E1-5319-01A-01R-1896-07","Mutant","IDHmut-codel"
"237","TCGA-CS-6186-01A-12R-2027-07","WT","IDHwt"
"238","TCGA-FG-5965-02A-11R-A29R-07",NA,NA
"239","TCGA-DB-5273-01A-01R-1470-07","Mutant","IDHmut-non-codel"
"240","TCGA-DU-A7TI-01A-11R-A33Z-07",NA,NA
"241","TCGA-DH-A66B-01A-11R-A29R-07","Mutant","IDHmut-non-codel"
"242","TCGA-S9-A6WE-01A-12R-A33Z-07","Mutant","IDHmut-codel"
"243","TCGA-HT-A5R7-01A-11R-A28M-07","Mutant","IDHmut-non-codel"
"244","TCGA-DU-6542-01A-11R-1896-07","Mutant","IDHmut-non-codel"
"245","TCGA-DB-A4XH-01A-11R-A27Q-07","Mutant","IDHmut-codel"
"246","TCGA-WH-A86K-01A-11R-A36H-07","Mutant","IDHmut-non-codel"
"247","TCGA-DB-A64P-01A-11R-A29R-07","Mutant","IDHmut-codel"
"248","TCGA-HT-7689-01A-11R-2256-07","Mutant","IDHmut-non-codel"
"249","TCGA-HT-A74L-01A-11R-A32Q-07","Mutant","IDHmut-codel"
"250","TCGA-P5-A5F4-01A-11R-A28M-07","Mutant","IDHmut-non-codel"
"251","TCGA-HT-8018-01A-11R-2404-07","Mutant","IDHmut-non-codel"
"252","TCGA-DB-A64X-01A-11R-A29R-07","Mutant","IDHmut-non-codel"
"253","TCGA-DU-A5TR-01A-11R-A28M-07","Mutant","IDHmut-non-codel"
"254","TCGA-DB-A64R-01A-11R-A29R-07","Mutant","IDHmut-codel"
"255","TCGA-S9-A6U1-01A-21R-A33Z-07","Mutant","IDHmut-non-codel"
"256","TCGA-HT-7481-01A-11R-2027-07","Mutant","IDHmut-codel"
"257","TCGA-DU-5851-01A-13R-1896-07","Mutant","IDHmut-non-codel"
"258","TCGA-FG-A6J1-01A-11R-A31N-07","Mutant","IDHmut-codel"
"259","TCGA-FG-A60J-01A-11R-A28M-07","Mutant","IDHmut-non-codel"
"260","TCGA-CS-4942-01A-01R-1470-07","Mutant","IDHmut-non-codel"
"261","TCGA-DU-A5TW-01A-11R-A28M-07","Mutant","IDHmut-non-codel"
"262","TCGA-WY-A85D-01A-11R-A36H-07","Mutant","IDHmut-non-codel"
"263","TCGA-HT-A5RC-01A-11R-A28M-07","WT","IDHwt"
"264","TCGA-HW-7493-01A-11R-2027-07",NA,NA
"265","TCGA-TQ-A7RP-01A-21R-A34F-07","WT","IDHwt"
"266","TCGA-TM-A84F-01A-11R-A36H-07","Mutant","IDHmut-non-codel"
"267","TCGA-TM-A84T-01A-11R-A36H-07","Mutant","IDHmut-non-codel"
"268","TCGA-HT-8105-01A-11R-2404-07","Mutant","IDHmut-codel"
"269","TCGA-HT-A4DV-01A-11R-A26U-07","Mutant","IDHmut-codel"
"270","TCGA-DU-5872-02A-21R-A36H-07",NA,NA
"271","TCGA-QH-A6CZ-01A-11R-A32Q-07","Mutant","IDHmut-codel"
"272","TCGA-DH-5144-01A-01R-1470-07","Mutant","IDHmut-codel"
"273","TCGA-P5-A5F1-01A-11R-A28M-07","Mutant","IDHmut-non-codel"
"274","TCGA-DB-A75M-01A-11R-A32Q-07","Mutant","IDHmut-non-codel"
"275","TCGA-HT-7620-01A-11R-2256-07","Mutant","IDHmut-codel"
"276","TCGA-HW-A5KM-01A-11R-A27Q-07","Mutant","IDHmut-non-codel"
"277","TCGA-FG-8188-01A-11R-2256-07","Mutant","IDHmut-non-codel"
"278","TCGA-DU-6408-01A-11R-1708-07","Mutant","IDHmut-non-codel"
"279","TCGA-RY-A83Z-01A-11R-A36H-07","Mutant","IDHmut-non-codel"
"280","TCGA-TQ-A8XE-02A-11R-A36H-07",NA,NA
"281","TCGA-DU-6400-01A-12R-1708-07","Mutant","IDHmut-codel"
"282","TCGA-DU-6402-01A-11R-1708-07","WT","IDHwt"
"283","TCGA-DU-6393-01A-11R-1708-07","Mutant","IDHmut-codel"
"284","TCGA-S9-A7J2-01A-11R-A34F-07","Mutant","IDHmut-codel"
"285","TCGA-HT-A74J-01A-12R-A32Q-07","Mutant","IDHmut-non-codel"
"286","TCGA-DU-A5TU-01A-11R-A28M-07","Mutant","IDHmut-non-codel"
"287","TCGA-RY-A83Y-01A-11R-A36H-07","Mutant","IDHmut-codel"
"288","TCGA-P5-A5EU-01A-11R-A27Q-07","Mutant","IDHmut-non-codel"
"289","TCGA-DU-7019-01A-11R-2027-07","Mutant","IDHmut-non-codel"
"290","TCGA-R8-A6MO-01A-11R-A33Z-07","Mutant","IDHmut-codel"
"291","TCGA-WY-A85E-01A-11R-A36H-07","Mutant","IDHmut-non-codel"
"292","TCGA-TM-A7CA-01A-21R-A33Z-07","Mutant","IDHmut-non-codel"
"293","TCGA-QH-A6CV-01A-11R-A31N-07","WT","IDHwt"
"294","TCGA-TQ-A7RK-01A-11R-A33Z-07","Mutant","IDHmut-non-codel"
"295","TCGA-TQ-A7RK-02B-11R-A40A-07",NA,NA
"296","TCGA-VW-A7QS-01A-12R-A33Z-07","Mutant","IDHmut-codel"
"297","TCGA-DB-A4XC-01A-11R-A26U-07","Mutant","IDHmut-non-codel"
"298","TCGA-DU-A76K-01A-11R-A33Z-07","WT","IDHwt"
"299","TCGA-P5-A781-01A-11R-A32Q-07","Mutant","IDHmut-codel"
"300","TCGA-S9-A6U9-01A-11R-A32Q-07","Mutant","IDHmut-non-codel"
"301","TCGA-HT-7687-01A-11R-2256-07","Mutant","IDHmut-codel"
"302","TCGA-HT-7477-01B-11R-A28M-07","Mutant","IDHmut-non-codel"
"303","TCGA-CS-6188-01A-11R-1896-07","WT","IDHwt"
"304","TCGA-HT-7475-01A-11R-2027-07","Mutant","IDHmut-non-codel"
"305","TCGA-S9-A6TS-01A-12R-A33Z-07","Mutant","IDHmut-non-codel"
"306","TCGA-DB-A4XF-01A-11R-A27Q-07","Mutant","IDHmut-non-codel"
"307","TCGA-S9-A6U2-01A-21R-A33Z-07","Mutant","IDHmut-codel"
"308","TCGA-DU-7008-01A-11R-2027-07","Mutant","IDHmut-non-codel"
"309","TCGA-HT-7482-01A-11R-2027-07","Mutant","IDHmut-non-codel"
"310","TCGA-DU-6394-01A-11R-1708-07","Mutant","IDHmut-codel"
"311","TCGA-E1-5303-01A-01R-1470-07","Mutant","IDHmut-non-codel"
"312","TCGA-VM-A8CH-01A-12R-A36H-07","Mutant","IDHmut-non-codel"
"313","TCGA-DU-6410-01A-11R-1896-07","Mutant","IDHmut-codel"
"314","TCGA-VW-A8FI-01A-11R-A36H-07","WT","IDHwt"
"315","TCGA-HT-7695-01A-11R-2256-07","Mutant","IDHmut-codel"
"316","TCGA-DU-6399-01A-12R-1708-07","Mutant","IDHmut-non-codel"
"317","TCGA-HW-7486-01A-11R-2027-07","Mutant","IDHmut-codel"
"318","TCGA-TQ-A7RV-02A-11R-A36H-07",NA,NA
"319","TCGA-TQ-A7RV-01A-21R-A34F-07","Mutant","IDHmut-non-codel"
"320","TCGA-DU-8167-01A-11R-2256-07","Mutant","IDHmut-non-codel"
"321","TCGA-DU-A7TC-01A-21R-A34R-07","Mutant","IDHmut-non-codel"
"322","TCGA-HT-8011-01A-11R-2403-07","WT","IDHwt"
"323","TCGA-DU-7302-01A-11R-2090-07","Mutant","IDHmut-codel"
"324","TCGA-DU-5849-01A-11R-1708-07","Mutant","IDHmut-codel"
"325","TCGA-E1-A7YW-01A-11R-A34R-07","Mutant","IDHmut-non-codel"
"326","TCGA-DB-A75K-01A-11R-A32Q-07","Mutant","IDHmut-codel"
"327","TCGA-CS-6670-01A-11R-1896-07","Mutant","IDHmut-codel"
"328","TCGA-HT-7483-01A-11R-2027-07","Mutant","IDHmut-non-codel"
"329","TCGA-R8-A6ML-01A-11R-A32Q-07","Mutant","IDHmut-codel"
"330","TCGA-HT-A619-01A-11R-A29R-07","Mutant","IDHmut-codel"
"331","TCGA-FG-A70Z-01A-12R-A33Z-07","WT","IDHwt"
"332","TCGA-HW-7490-01A-11R-2027-07","Mutant","IDHmut-non-codel"
"333","TCGA-HT-7873-01B-11R-2403-07","Mutant","IDHmut-non-codel"
"334","TCGA-E1-A7YS-01A-11R-A34F-07","Mutant","IDHmut-codel"
"335","TCGA-TM-A84Q-01A-11R-A36H-07","Mutant","IDHmut-non-codel"
"336","TCGA-DU-7304-02A-12R-A36H-07",NA,NA
"337","TCGA-QH-A6XC-01A-12R-A32Q-07","WT","IDHwt"
"338","TCGA-DH-A66G-01A-21R-A31N-07","Mutant","IDHmut-non-codel"
"339","TCGA-P5-A77X-01A-11R-A32Q-07","Mutant","IDHmut-codel"
"340","TCGA-W9-A837-01A-11R-A36H-07","Mutant","IDHmut-codel"
"341","TCGA-FG-5965-02B-11R-A29R-07",NA,NA
"342","TCGA-FG-5965-01B-11R-1896-07","Mutant","IDHmut-non-codel"
"343","TCGA-S9-A6WD-01A-12R-A33Z-07","Mutant","IDHmut-codel"
"344","TCGA-DU-A5TP-01A-11R-A28M-07","Mutant","IDHmut-non-codel"
"345","TCGA-FN-7833-01A-11R-2090-07","Mutant","IDHmut-non-codel"
"346","TCGA-HT-A74O-01A-11R-A32Q-07","Mutant","IDHmut-non-codel"
"347","TCGA-HW-8321-01A-11R-2404-07","Mutant","IDHmut-non-codel"
"348","TCGA-HT-7686-01A-11R-2256-07","Mutant","IDHmut-non-codel"
"349","TCGA-HT-7693-01A-11R-2256-07","Mutant","IDHmut-non-codel"
"350","TCGA-TM-A7CF-02A-11R-A32Q-07",NA,NA
"351","TCGA-DU-7298-01A-11R-2027-07","Mutant","IDHmut-non-codel"
"352","TCGA-F6-A8O4-01A-11R-A36H-07","Mutant","IDHmut-non-codel"
"353","TCGA-HT-7694-01A-11R-2256-07","Mutant","IDHmut-codel"
"354","TCGA-DU-7013-01A-11R-2027-07","WT","IDHwt"
"355","TCGA-QH-A65S-01A-11R-A29R-07","Mutant","IDHmut-non-codel"
"356","TCGA-EZ-7264-01A-11R-2027-07","Mutant","IDHmut-codel"
"357","TCGA-R8-A6MK-01A-11R-A32Q-07","Mutant","IDHmut-codel"
"358","TCGA-FG-8181-01A-11R-2256-07","WT","IDHwt"
"359","TCGA-WY-A85B-01A-11R-A36H-07","Mutant","IDHmut-non-codel"
"360","TCGA-TQ-A7RU-01A-21R-A34F-07","Mutant","IDHmut-codel"
"361","TCGA-FG-6690-01A-11R-1896-07","Mutant","IDHmut-non-codel"
"362","TCGA-E1-A7YN-01A-11R-A34F-07","WT","IDHwt"
"363","TCGA-DU-7010-01A-11R-2027-07","Mutant","IDHmut-non-codel"
"364","TCGA-HT-7608-01A-11R-2090-07","Mutant","IDHmut-codel"
"365","TCGA-QH-A6X5-01A-12R-A32Q-07","Mutant","IDHmut-codel"
"366","TCGA-E1-A7YH-01A-11R-A34F-07","Mutant","IDHmut-non-codel"
"367","TCGA-S9-A7R3-01A-11R-A34R-07","Mutant","IDHmut-non-codel"
"368","TCGA-HW-8320-01A-11R-2404-07","Mutant","IDHmut-non-codel"
"369","TCGA-CS-6669-01A-11R-1896-07","WT","IDHwt"
"370","TCGA-FG-6689-01A-11R-1896-07","Mutant","IDHmut-non-codel"
"371","TCGA-HT-7602-01A-21R-2090-07","Mutant","IDHmut-non-codel"
"372","TCGA-TM-A7C3-01A-11R-A32Q-07","WT","IDHwt"
"373","TCGA-HT-7609-01A-11R-2090-07","Mutant","IDHmut-non-codel"
"374","TCGA-DU-8166-01A-11R-2256-07","Mutant","IDHmut-non-codel"
"375","TCGA-DU-7299-01A-21R-2027-07","Mutant","IDHmut-non-codel"
"376","TCGA-FG-8189-01B-11R-A28M-07","Mutant","IDHmut-non-codel"
"377","TCGA-HT-7606-01A-11R-2090-07","Mutant","IDHmut-non-codel"
"378","TCGA-KT-A74X-01A-11R-A32Q-07","Mutant","IDHmut-codel"
"379","TCGA-CS-5395-01A-01R-1470-07","WT","IDHwt"
"380","TCGA-HT-7902-01A-12R-2403-07","Mutant","IDHmut-non-codel"
"381","TCGA-S9-A7J3-01A-21R-A34R-07","Mutant","IDHmut-codel"
"382","TCGA-S9-A6TV-01A-12R-A34R-07","Mutant","IDHmut-non-codel"
"383","TCGA-DB-5278-01A-01R-1470-07","Mutant","IDHmut-codel"
"384","TCGA-HT-A5RB-01A-11R-A28M-07","Mutant","IDHmut-non-codel"
"385","TCGA-S9-A6WP-01A-12R-A34F-07","Mutant","IDHmut-codel"
"386","TCGA-HT-8010-01A-11R-2403-07","Mutant","IDHmut-codel"
"387","TCGA-DU-8165-01A-11R-2256-07","WT","IDHwt"
"388","TCGA-DU-7292-01A-11R-2027-07","WT","IDHwt"
"389","TCGA-S9-A6WQ-01A-12R-A34F-07","Mutant","IDHmut-non-codel"
"390","TCGA-DU-6396-01A-11R-1708-07","Mutant","IDHmut-non-codel"
"391","TCGA-DB-A64V-01A-11R-A29R-07","Mutant","IDHmut-codel"
"392","TCGA-DB-5281-01A-01R-1470-07","Mutant","IDHmut-non-codel"
"393","TCGA-DB-A4XE-01A-11R-A27Q-07","Mutant","IDHmut-non-codel"
"394","TCGA-DU-A6S3-01A-12R-A32Q-07","Mutant","IDHmut-codel"
"395","TCGA-P5-A737-01A-11R-A32Q-07","Mutant","IDHmut-codel"
"396","TCGA-P5-A5EX-01A-12R-A28M-07","Mutant","IDHmut-codel"
"397","TCGA-HT-7607-01A-11R-2090-07","Mutant","IDHmut-codel"
"398","TCGA-FG-7638-01B-12R-2090-07","Mutant","IDHmut-codel"
"399","TCGA-HT-7476-01A-11R-2027-07","Mutant","IDHmut-non-codel"
"400","TCGA-VV-A86M-01A-11R-A36H-07","Mutant","IDHmut-non-codel"
"401","TCGA-TM-A84R-01A-21R-A36H-07","Mutant","IDHmut-codel"
"402","TCGA-FG-7634-01A-11R-2090-07","Mutant","IDHmut-codel"
"403","TCGA-P5-A72X-01A-11R-A32Q-07","Mutant","IDHmut-non-codel"
"404","TCGA-HT-7480-01A-11R-2090-07","Mutant","IDHmut-codel"
"405","TCGA-TQ-A7RM-01A-11R-A33Z-07","Mutant","IDHmut-non-codel"
"406","TCGA-E1-A7Z3-01A-11R-A34R-07","Mutant","IDHmut-non-codel"
"407","TCGA-DH-A7UV-01A-12R-A34F-07","Mutant","IDHmut-non-codel"
"408","TCGA-QH-A870-01A-11R-A36H-07","Mutant","IDHmut-non-codel"
"409","TCGA-DU-A6S6-01A-21R-A32Q-07","Mutant","IDHmut-codel"
"410","TCGA-RY-A845-01A-11R-A36H-07","Mutant","IDHmut-non-codel"
"411","TCGA-DU-A76L-01A-11R-A32Q-07","WT","IDHwt"
"412","TCGA-DU-7294-01A-11R-2027-07","Mutant","IDHmut-codel"
"413","TCGA-HT-7471-01A-11R-2256-07","Mutant","IDHmut-codel"
"414","TCGA-QH-A65X-01A-11R-A32Q-07","Mutant","IDHmut-codel"
"415","TCGA-HT-7610-01A-21R-2090-07","Mutant","IDHmut-non-codel"
"416","TCGA-HW-7495-01A-11R-2027-07","Mutant","IDHmut-codel"
"417","TCGA-DB-5280-01A-01R-1470-07","Mutant","IDHmut-non-codel"
"418","TCGA-HT-7472-01A-11R-2027-07","Mutant","IDHmut-non-codel"
"419","TCGA-P5-A72U-01A-31R-A32Q-07","WT","IDHwt"
"420","TCGA-HT-A5RA-01A-11R-A28M-07","WT","IDHwt"
"421","TCGA-E1-A7YI-01A-11R-A34F-07","Mutant","IDHmut-non-codel"
"422","TCGA-S9-A7R4-01A-12R-A34R-07","Mutant","IDHmut-non-codel"
"423","TCGA-DB-A4X9-01A-11R-A26U-07","Mutant","IDHmut-non-codel"
"424","TCGA-E1-5322-01A-01R-1470-07","Mutant","IDHmut-non-codel"
"425","TCGA-FG-A710-01A-12R-A33Z-07","Mutant","IDHmut-codel"
"426","TCGA-FG-6692-01A-11R-1896-07","WT","IDHwt"
"427","TCGA-TM-A84M-01A-11R-A36H-07","Mutant","IDHmut-codel"
"428","TCGA-P5-A5EY-01A-11R-A27Q-07","WT","IDHwt"
"429","TCGA-DU-7011-01A-11R-2027-07","Mutant","IDHmut-non-codel"
"430","TCGA-CS-6665-01A-11R-1896-07","Mutant","IDHmut-non-codel"
"431","TCGA-FG-5962-01B-11R-1896-07","Mutant","IDHmut-codel"
"432","TCGA-DU-7300-01A-21R-2090-07","Mutant","IDHmut-codel"
"433","TCGA-FG-8187-01A-11R-2256-07","Mutant","IDHmut-codel"
"434","TCGA-WY-A859-01A-12R-A36H-07","Mutant","IDHmut-non-codel"
"435","TCGA-E1-A7YO-01A-11R-A34F-07","Mutant","IDHmut-codel"
"436","TCGA-HT-7881-01A-11R-2403-07","Mutant","IDHmut-codel"
"437","TCGA-TM-A84G-01A-11R-A36H-07","Mutant","IDHmut-codel"
"438","TCGA-DB-A64O-01A-11R-A29R-07","WT","IDHwt"
"439","TCGA-HT-7474-01A-11R-2027-07","Mutant","IDHmut-non-codel"
"440","TCGA-TM-A84I-01A-11R-A36H-07","Mutant","IDHmut-non-codel"
"441","TCGA-HT-7855-01A-11R-2403-07","Mutant","IDHmut-non-codel"
"442","TCGA-HT-8563-01A-11R-2404-07","Mutant","IDHmut-non-codel"
"443","TCGA-TM-A7CF-01A-11R-A32Q-07","Mutant","IDHmut-non-codel"
"444","TCGA-DU-8168-01A-11R-2256-07","Mutant","IDHmut-codel"
"445","TCGA-FG-A713-01A-11R-A32Q-07","Mutant","IDHmut-codel"
"446","TCGA-VM-A8CE-01A-11R-A36H-07","Mutant","IDHmut-codel"
"447","TCGA-DU-A7TJ-01A-11R-A34R-07","WT","IDHwt"
"448","TCGA-HT-8015-01B-11R-A28M-07","WT","IDHwt"
"449","TCGA-E1-A7YD-01A-11R-A34F-07","WT","IDHwt"
"450","TCGA-HT-7603-01A-21R-2090-07","Mutant","IDHmut-non-codel"
"451","TCGA-HT-7677-01A-11R-2256-07","Mutant","IDHmut-codel"
"452","TCGA-S9-A89Z-01A-11R-A36H-07","Mutant","IDHmut-non-codel"
"453","TCGA-DU-5855-01A-11R-1708-07","Mutant","IDHmut-non-codel"
"454","TCGA-DU-6401-01A-11R-1708-07","Mutant","IDHmut-non-codel"
"455","TCGA-HT-8109-01A-11R-2404-07","Mutant","IDHmut-codel"
"456","TCGA-VM-A8CD-01A-11R-A36H-07","WT","IDHwt"
"457","TCGA-DU-6403-01A-11R-1708-07","WT","IDHwt"
"458","TCGA-HW-A5KJ-01A-12R-A27Q-07","Mutant","IDHmut-codel"
"459","TCGA-TM-A84S-01A-11R-A36H-07","Mutant","IDHmut-codel"
"460","TCGA-CS-6290-01A-11R-1708-07","Mutant","IDHmut-non-codel"
"461","TCGA-DB-A4XA-01A-11R-A26U-07","Mutant","IDHmut-codel"
"462","TCGA-E1-A7YM-01A-11R-A34F-07","WT","IDHwt"
"463","TCGA-VM-A8CB-01A-11R-A36H-07","Mutant","IDHmut-codel"
"464","TCGA-KT-A7W1-01A-11R-A34F-07","WT","IDHwt"
"465","TCGA-E1-A7YJ-01A-11R-A34F-07","WT","IDHwt"
"466","TCGA-DU-6406-01A-11R-1708-07","WT","IDHwt"
"467","TCGA-DU-5872-01A-11R-1708-07","Mutant","IDHmut-non-codel"
"468","TCGA-P5-A72Z-01A-11R-A32Q-07","Mutant","IDHmut-codel"
"469","TCGA-HT-A614-01A-11R-A29R-07","Mutant","IDHmut-non-codel"
"470","TCGA-DU-7009-01A-11R-2027-07","Mutant","IDHmut-codel"
"471","TCGA-E1-5311-01A-01R-1470-07","Mutant","IDHmut-codel"
"472","TCGA-FG-8191-01A-11R-2256-07","Mutant","IDHmut-non-codel"
"473","TCGA-VM-A8CF-01A-11R-A36H-07","Mutant","IDHmut-non-codel"
"474","TCGA-DU-A5TY-01A-11R-A28M-07","WT","IDHwt"
"475","TCGA-S9-A7IZ-01A-11R-A34F-07","Mutant","IDHmut-non-codel"
"476","TCGA-DU-A7T8-01A-21R-A34R-07","Mutant","IDHmut-non-codel"
"477","TCGA-HW-A5KL-01A-11R-A27Q-07","Mutant","IDHmut-non-codel"
"478","TCGA-HT-8114-01A-11R-2404-07","Mutant","IDHmut-non-codel"
"479","TCGA-WY-A85A-01A-21R-A36H-07","Mutant","IDHmut-non-codel"
"480","TCGA-S9-A6WI-01A-21R-A33Z-07","Mutant","IDHmut-non-codel"
"481","TCGA-DB-5274-01A-01R-1470-07","Mutant","IDHmut-codel"
"482","TCGA-FG-7641-01B-11R-2256-07","Mutant","IDHmut-codel"
"483","TCGA-S9-A6WH-01A-12R-A33Z-07","Mutant","IDHmut-codel"
"484","TCGA-DB-A75O-01A-11R-A32Q-07","Mutant","IDHmut-non-codel"
"485","TCGA-VV-A829-01A-21R-A36H-07","Mutant","IDHmut-codel"
"486","TCGA-TQ-A8XE-01A-11R-A36H-07","Mutant","IDHmut-non-codel"
"487","TCGA-HT-7611-01A-11R-2403-07","Mutant","IDHmut-non-codel"
"488","TCGA-DU-5874-01A-11R-1708-07","Mutant","IDHmut-codel"
"489","TCGA-DB-A4XD-01A-11R-A27Q-07","Mutant","IDHmut-non-codel"
"490","TCGA-RY-A843-01A-11R-A36H-07","Mutant","IDHmut-non-codel"
"491","TCGA-E1-A7YV-01A-11R-A34R-07","Mutant","IDHmut-non-codel"
"492","TCGA-FG-A711-01A-21R-A33Z-07","Mutant","IDHmut-non-codel"
"493","TCGA-DU-5853-01A-11R-1896-07","Mutant","IDHmut-non-codel"
"494","TCGA-DU-7006-01A-11R-2027-07","WT","IDHwt"
"495","TCGA-P5-A5F6-01A-11R-A28M-07","WT","IDHwt"
"496","TCGA-DH-5140-01A-01R-1470-07","WT","IDHwt"
"497","TCGA-CS-4938-01B-11R-1896-07","Mutant","IDHmut-non-codel"
"498","TCGA-P5-A731-01A-11R-A32Q-07","Mutant","IDHmut-non-codel"
"499","TCGA-TQ-A7RK-02A-11R-A36H-07",NA,NA
"500","TCGA-S9-A7J1-01A-21R-A34R-07","Mutant","IDHmut-codel"
"501","TCGA-E1-5318-01A-01R-1470-07","Mutant","IDHmut-codel"
"502","TCGA-HW-7487-01A-11R-2027-07","Mutant","IDHmut-codel"
"503","TCGA-HT-7875-01A-11R-2403-07","Mutant","IDHmut-codel"
"504","TCGA-S9-A6TX-01A-21R-A32Q-07","Mutant","IDHmut-codel"
"505","TCGA-HT-7880-01A-11R-2403-07","Mutant","IDHmut-non-codel"
"506","TCGA-TQ-A7RS-01A-12R-A33Z-07","Mutant","IDHmut-codel"
"507","TCGA-S9-A7QX-01A-11R-A34F-07","Mutant","IDHmut-non-codel"
"508","TCGA-P5-A730-01A-11R-A32Q-07","Mutant","IDHmut-codel"
"509","TCGA-QH-A6XA-01A-12R-A32Q-07","Mutant","IDHmut-non-codel"
"510","TCGA-HT-7854-01A-11R-2256-07","WT","IDHwt"
"511","TCGA-HT-7478-01A-11R-2027-07","Mutant","IDHmut-non-codel"
"512","TCGA-QH-A65R-01A-21R-A31N-07","Mutant","IDHmut-codel"
"513","TCGA-VM-A8C9-01A-11R-A36H-07","WT","IDHwt"
"514","TCGA-HT-7857-01A-11R-2403-07","WT","IDHwt"
"515","TCGA-P5-A72W-01A-11R-A32Q-07","Mutant","IDHmut-non-codel"
"516","TCGA-HT-8104-01A-11R-2404-07","WT","IDHwt"
"517","TCGA-DH-5142-01A-01R-1470-07","Mutant","IDHmut-non-codel"
"518","TCGA-TQ-A7RR-01A-21R-A34F-07","Mutant","IDHmut-non-codel"
"519","TCGA-E1-5304-01A-01R-1470-07","Mutant","IDHmut-non-codel"
"520","TCGA-S9-A6WL-01A-21R-A33Z-07","Mutant","IDHmut-codel"
"521","TCGA-FG-6691-01A-11R-1896-07","Mutant","IDHmut-non-codel"
"522","TCGA-FG-8186-01A-11R-2256-07","Mutant","IDHmut-codel"
"523","TCGA-DU-A5TS-01A-11R-A28M-07","Mutant","IDHmut-non-codel"
"524","TCGA-P5-A5ET-01A-11R-A27Q-07","Mutant","IDHmut-codel"
"525","TCGA-HT-A615-01A-11R-A29R-07","Mutant","IDHmut-codel"
"526","TCGA-HT-7468-01A-11R-2027-07","Mutant","IDHmut-codel"
"527","TCGA-HT-A4DS-01A-11R-A26U-07","WT","IDHwt"
"528","TCGA-HT-8107-01A-13R-2404-07","WT","IDHwt"
"529","TCGA-HT-A5R5-01A-11R-A28M-07","Mutant","IDHmut-non-codel"
"530","TCGA-HT-7860-01A-11R-2403-07","WT","IDHwt"
"531","TCGA-TM-A84H-01A-11R-A36H-07","Mutant","IDHmut-non-codel"
"532","TCGA-HT-7681-01A-11R-2403-07","Mutant","IDHmut-codel"
"533","TCGA-DB-5270-01A-02R-1470-07","Mutant","IDHmut-non-codel"
"534","TCGA-IK-8125-01A-11R-2256-07","Mutant","IDHmut-codel"
